,Feature,Correlation
0,MW,0.02692831372444671
1,HBA,-0.12960140760764818
2,HBD,-0.1599922303517178
3,nRot,0.08550387593015112
4,nRing,0.08370363451413225
5,nHet,-0.1169513990485035
6,fChar,0.049480243285799516
7,TPSA,-0.21513997036365587
8,LogP,0.25626794733462677
9,StereoCenters,-0.07901791399827592
